d1,d2,d3
0.005142024714840112,0.024921307341132452,-0.03735941585629551
0.0394222101829265,-0.004381928192925009,0.005202107215448527
0.057099358017097035,-0.07911070021970106,0.05432294201161834
-0.08527295572991293,0.026437416500912504,-0.033320362712570224
-0.05504532357582963,-0.008714751702194514,-0.0861406400825056
-0.0318493109776519,-0.0071886040539264505,0.025063207341001485
-0.08919224898991017,0.12933790672434703,0.04793849200391995
0.1205383987205631,-0.088040127582968,-0.010579297739829647
-0.14044957737853977,0.19745439538304219,-0.07776455758868961
-0.043798936604759794,-0.11276214386780048,0.026061266886911048
-0.025432068608255923,-0.04902355388199185,-0.08913733714060214
0.07098400810185704,0.07997289210420871,0.0960080957487224
0.010737319678834388,-0.06026623746769329,0.012776069691010637
0.14077577188876472,-0.109633069693666,-0.06889260263667518
-0.05856347060898152,0.09046792817189221,-0.07109876650186815
0.06775150865656127,-0.10599876324657648,-0.05779089421401473
-0.14689830092821296,-0.13312254996082734,0.02067527880804496
-0.006690910387357247,-0.10577705229502661,-0.24464708451419803
0.10777458109992474,0.05010116075369386,-0.015290488222671744
0.046597226948344526,0.04784050145038699,0.010106289250526852
0.03571810332984827,-0.11574637779155457,-0.08614560660759246
-0.02741559187080182,0.026762301535080364,0.01738856565630118
0.053823304964836484,0.007399530843779562,0.012182356373142933
-0.030507114320586944,0.19146724891095634,-0.1863962004093501
-0.05734979384464919,-0.048221759494435294,-0.04043422665705309
-0.0008249894312067594,0.0011509363120860525,0.0022475512241389895
-0.03182927243609196,0.05788383371631848,0.0026869168203488563
-0.013354812472001421,0.01482629575705984,0.027933486300384697
0.013487616897844595,0.028164124128549257,-0.05497959453293016
0.05485171426221833,0.003173109661007109,0.03686682465626943
-0.058646350561570505,-0.027017858596241374,0.048891920526878116
-0.014060501724308795,-0.004506826333661663,0.03447971395222496
0.14103790686986623,-0.06952888178202421,-0.1583543283256073
0.1149839515442705,0.060581886528450805,-0.15485460862005057
0.03191819656354408,0.023258336920306006,-0.02594135699149483
-0.04151281624095755,-0.025273778574792842,0.007303205553518954
-0.012501326174936942,-0.029164484168825333,0.007867136407738933
-0.15949141219456422,0.0873125700092871,-0.06216192057581325
-0.05971957614452596,0.05674625166127035,0.01993033166238447
-0.025893106634500066,0.004290128111652078,0.0031120463348442953
-0.04611962803077128,-0.058816380935747314,0.06802742708434441
-0.029360149989346773,-0.19846840350901176,0.030246454305455292
0.02712555982327412,-0.05446036004006503,-0.022294994908151507
0.031117651744492564,0.013007506209925638,-0.03057378841437467
0.019285513644655385,-0.027756807284423413,0.006883306484142435
0.009919766339868507,0.062227093388237904,0.027474825837129003
-0.08491925636264522,-0.05925251876939131,0.05958688764634117
-0.11654973894965451,-0.025203113839942632,-0.1977940673388945
0.0014714973617908713,-0.09806418999968547,0.07535864473259742
0.07945154868201466,-0.09457814995012376,0.1328436013283687
0.11684001548316116,-0.037334652525177446,-0.02729077431900156
-0.0014235879248462922,-0.00674445573937255,0.0016849032755406799
0.21798680262196163,0.01739200846468462,-0.0858373299300585
0.0040039302912347335,-0.009860537635173666,-0.00644103474710686
0.008922393910966827,0.0014023331343292619,-0.0378924180587294
0.12524168985090608,-0.11236529285056088,0.0019063926210744304
-0.033164687339721,0.13558605928199757,0.02982299356386495
-0.0010419107744594292,0.0028729872713496294,0.001900871830722488
-0.0038782408254171108,-0.02611171418936954,0.01847137302038355
-0.024979527716499562,-0.08340234828037366,-0.17195959673471164
-0.18700534415050873,-0.015578771288877559,0.07457079856084393
-0.08208403012491504,-0.07498391226797181,0.002977312975377642
-0.0005022600551543579,-0.001663834819049569,-0.00043817953023301306
-0.0271291236926327,0.0007484203145904852,-0.09721312303196372
0.08638348067947417,0.17728847447357515,-0.1198203836948829
0.021723584973277785,-0.017065694763289906,-0.1288774694174819
-0.01918993635013128,-0.019305033218593722,-0.023726213293219695
0.14667659085655166,-0.00950561286930212,0.102514064368201
0.0032436869019340717,0.23502123589784893,-0.17845120152253072
0.09580773270886679,0.29377114779389724,-0.04669469199881786
0.1327777013139503,0.055552997083728885,0.05094890796391162
-0.03263321117456667,0.06682986653277026,0.05883898527884019
0.028047590371674137,-0.020542051147752677,-0.034854282981828646
-0.009246313274851748,-0.014707112256972809,0.019377914745214327
0.1341391331512854,0.18126244464608104,0.03515029684653815
-0.04772009450175446,-0.0866567849233889,-0.14838879108187875
-0.10097860901224949,0.05200543631323152,-0.031393517916072776
-0.01627894470334666,0.005271115615847666,7.470917403265239e-05
-0.05620351460022366,0.1663540977889542,0.008621955228758546
-0.026514569594901054,-0.11572646953170027,0.10895505865541806
-0.01910150972217151,-0.12628851177589892,-0.081335312732755
0.016111448005367634,0.015303756449703634,0.010225998612014738
0.018170786917820664,-0.022582875395609502,-0.014435668947847419
-0.019118850009815523,0.0014936588226002027,-0.02308231210074568
-0.014403575429274982,-0.10025298043634752,0.06452438060091495
-0.006210286764025926,-0.038755417400022876,-0.025032494394491418
0.03353177202880495,-0.009681628653564665,0.11705101225276485
0.0349384134986396,0.013740494907467092,-0.0375619286152612
0.13764913441750612,-0.0006897668810711021,0.16143458682613895
-0.017575388588999236,0.006530467970372018,0.022160272063140862
-0.035168481985195434,-0.2120473515035434,0.08671859210362147
-0.04838549627528831,-0.025027774540292137,-0.17522985097199664
-0.020734513245645556,-0.013121108492567878,-0.003754925205121427
-0.04414246607733745,-0.07042160843526704,-0.34834077393259405
-0.046139502394235754,-0.012006197914058494,0.060668726836369626
-0.00024098928689606771,-0.0004334706536142209,-0.00047905080593349216
0.003018734287235468,-0.001970574566415815,7.238496571954691e-05
-0.026891559018129337,0.0005974321535717768,0.044715142295527116
0.013692342456331951,0.027260858623803057,-0.056064196753571
0.009405439998219012,-0.03867407292605665,-0.012624516260445274
-0.10981438756001564,2.1831782476398,-1.856684354217544
2.6470355460156183,0.6942924388124174,-0.42109452526945973
-0.11507674658975582,2.753705313908163,-0.9582549104769831
-1.3260299090638437,-0.9131271238059859,2.258572154784493
0.8320463236006053,-2.344286383605043,0.7767996073027363
-0.08800898541412386,-2.07055330732376,-1.6876569501883478
0.5104539727828559,2.6213438495598025,-0.566481718766767
1.277163506412962,-0.6633653283580637,2.352731896912963
2.730260465691862,-0.748192052231924,0.004500941350610363
-2.542402445873423,-0.6503146357552025,0.20275068073003616
-2.4069696289452946,1.2243674015086634,0.195708700147336
-2.567453266809126,0.4739286209898963,-0.9167642573241919
1.1484680356418522,-2.4972282975676503,-0.31927160884442496
2.0556129427509795,1.5563247889280392,-1.364818146962437
0.30862394990836606,-1.8343417913724478,1.7584812222967545
-0.5585349909093562,-1.6469940901225948,-2.188339403561263
1.9368883400252717,-0.4621232545431331,-1.916191278294464
1.9179750396076984,0.6168747430149761,1.8900336234169635
2.0535444460777788,-0.05076585591490639,2.037413239305922
-0.6565312338880144,-2.227980669066374,-1.3215908873540292
-2.4867675763507537,0.6912648279896727,0.27393320741276506
1.036585662831653,-1.8579412308569783,1.4614910184334626
-1.9837449905447218,1.1029188677517683,-1.4232300444969261
-2.14859435108298,0.4662568246266661,1.6710922787787061
-2.425044731279404,-0.0879963371021361,1.2674521610448135
-2.0082329458780817,-0.3585806252444437,-2.060356174622473
1.9278090421609617,-0.9768471413764056,-1.4603150445092759
1.7772487509090373,0.8427737620266682,-1.9061624209394465
1.7335728505587527,1.9816102427212843,-0.23700154312603394
-0.35047704459799256,-2.571368684838051,0.550507739466227
2.7158358827590936,-0.5419593250207378,0.288166785157888
2.0747147761526477,-0.8570150548343302,1.7234284899472796
1.4063220240265524,-2.2715304856630847,-0.5558585073686346
1.495055292630845,-1.9349017403957542,-1.0400350668903455
0.7500060402315569,-2.509377507606965,-0.08703048561991694
1.3118029564799873,1.6075689405307654,1.7343930016331863
0.05888132313214803,-0.6712701353114995,-2.6297224775196986
-2.7801714062804104,-0.019336696055803314,-0.4368340744404284
-2.3993675165162354,0.9258628088073562,-0.41855573524346423
-0.2973954212453811,2.890037714037235,0.2934249093492905
1.2780427187884786,-2.6111391564586235,-0.806397653606183
0.8692619126221925,0.7308060303653001,-2.505535490355029
1.3384017995595188,-0.10123517966579867,-2.406132856256138
-0.1525175986122286,-1.9618758560693785,1.9310115574184086
-0.18087729756875404,-2.7529180989595,0.42594858707098227
1.5547392991545539,0.5979519593297102,-2.0574758972623153
0.7965698634299072,-2.034574878401281,1.668825837403243
1.8160808580935361,-1.4815055257600664,-1.3770678478875034
-2.2701491616151306,0.07884235386977007,-1.4425581811067711
-1.9442291544238695,1.0017025918667282,1.800158071198757
-0.3700469647396235,0.16566632238394574,2.621902395674443
-2.78825627397161,-0.2255014573193454,-0.4225563296746644
-1.3832091072244839,-1.5753375917232026,1.8174579218522053
0.09419534999854208,-2.7739905508683917,-0.5860324661601514
-0.5097349167439099,0.14298730277300997,-2.67082568445847
-1.9530567290553746,-1.5338802995753542,-1.0371190859372779
-0.3218832943699638,2.7076100556244054,0.04939454443329799
-1.3191715366265995,2.4537474347187436,0.5034518959909245
1.5094392833669388,2.411912328291285,-0.44312664031463445
1.0411271124479478,2.0288783838882294,1.657127314727835
-2.320857345068558,0.9395273329850128,0.31481668760461284
-1.4204139425316054,1.3777836134139136,-2.044436216059632
0.18886070902113183,2.726362066253484,0.14892055648642097
0.12565480478337973,-2.1835454712626077,1.6454684538750375
0.721444068596772,2.0614545377937117,-1.1994495335214603
2.4405612222060764,-0.4717736809580761,0.9567394584901229
0.7570933825215208,-0.5218859269884042,-2.6458650309836367
1.634421440216828,-0.6963290737575069,1.931004946174249
-1.407339190075142,1.089158452072397,-1.7244526339933701
-2.0823651500387412,-1.7573635726023218,-0.009883122268491577
-0.6967304874471641,2.5333611512411163,0.0587050808606242
1.4614994612889272,-0.26915101165576605,2.3552751315113505
0.85132743151054,2.390381307589692,-1.2455913681858928
-0.2736368537033929,-1.978544946648602,1.8849635319914402
-1.3303611185379554,-0.9656235663058687,2.150756899193991
2.508740511453268,-0.30390306180261817,0.8732904777264903
-1.466038569003821,2.205065203586069,-0.7115190713840965
-2.3088355764335557,-0.6140312909671519,1.1620320243500928
-2.085571093045614,-0.9030287419198227,1.5449161653256485
2.0745489305809914,-0.7788900002846402,-1.7729550034749222
0.9329798429162782,-2.245195910468374,-1.2075707130381557
-1.9949983212848377,0.10141805012960321,1.8931652203734397
-2.20608572221619,-1.692932947883545,0.07165171845671844
-2.1171176207368956,-1.6411800454131675,-0.024195579439195893
-1.6771826975912152,-2.101240611495885,-0.5224591532380284
-0.6612732769599265,1.8318501145918584,-1.8150402673812192
0.418175193336826,0.9839903810263688,-2.421104073401831
-1.1850838426898997,0.9065106213591986,-2.368071543030256
2.1085207842934026,0.12350931216037915,1.5486579388411994
1.0877509734662745,1.6980669636780323,-1.8412160373971245
1.099647398361042,2.393911166390609,-0.6099168936865271
-1.7742547916613858,0.4150126261492,1.9260991932139342
2.7064214467568144,0.1171763289732174,-0.5693940029314368
0.3732614101316774,2.4650375448578217,0.669895156673633
1.4070762824709362,0.15158030567269026,2.207157584862622
1.1198422446091065,-1.8562908828909357,-1.5092242366396038
1.6878296116817437,-1.0281846638417573,1.703169770388325
-1.7650478243082568,1.825096676177499,-0.8373663209584935
0.22536443978942644,-2.567469412345959,-0.9196844766544102
0.15052173240422953,0.1455714234850212,-2.721192331593205
2.251074457736024,-0.6662024178301013,4.91546532017208
0.22102923963212048,5.138899014138138,-1.8568932864618946
1.5633466534103029,3.653062501053183,-3.472627320640162
2.6876505263943313,-4.591527555819438,-0.009501994056264666
-2.9985537744860022,4.279561845655038,-0.2976053104336233
-3.598056327671466,3.32229087478168,2.1386404498084963
2.0507924663365773,2.4157350116088687,4.0610266031646844
1.6543216879942024,-2.294770759582475,4.614197336043129
-2.7841987492541898,-1.6242103018485807,4.320997708918626
-1.2328611326614938,4.4816695898213,2.6909583047626824
-4.437545927531924,-2.726185711099282,1.5013391106860932
-1.445645462443363,4.993243554604735,0.6172732461716688
0.4648041993574222,-4.003441912666681,3.6871926955056913
3.3320727296911925,4.264930082552034,0.06924881919567946
-2.7831666487662354,3.3383553957516727,3.070267358569631
4.566344539904328,-1.5863703725518037,-2.5755387740773408
1.1552657128842843,-4.656646869757037,2.466212573501487
2.5822709251064824,-2.641393606521021,3.9080491874416143
-1.6301519866981842,3.6950537764912785,-3.5191323664482397
-2.942574181866,-3.659321659473605,-2.6622451499433457
4.1420401625552765,1.6436964813867323,3.1200794579366447
-2.469779789969071,-3.345452677016441,-3.0449542971753125
0.8046916550652771,4.509712200859638,2.525450516168241
2.261788995031819,4.714530603046634,-1.2022712977819112
-2.761483249138024,3.8422858426320894,-2.5168073625023824
-2.251068111987315,-2.6209735581596005,-3.965610910057895
0.7330353368024332,0.3481085785258643,5.3481436421115225
-0.8185195787414061,0.6710168931857168,-5.069643498134558
-0.06811139087582933,4.06936789789709,3.629083615868692
-1.2481062445105577,-4.740978708340418,-2.3577178705407227
2.8991436483626387,-2.780846493632641,-3.4585614464189605
-4.02696634278401,3.4686877416544126,0.6196244429659051
-4.764831129715873,2.3073932121555734,-0.37370847700641124
3.4759215071182252,-2.873687263804846,2.8398266305208244
4.926692017684985,1.4904053638689885,1.7425528129104253
-0.4284844262135978,-2.405040768499683,4.837541836572972
3.6705845778828654,-1.0694291495971788,3.7650310366475517
-5.086408219790504,0.07572021441429312,-0.9621921004441291
3.8503829600147217,1.997382858517142,3.444658097260751
-4.859696691393901,1.67741630399767,-1.6664106916486348
-4.5365808526076865,-1.0556324369319559,2.595811773094554
1.3767101318522412,5.326780130551634,0.40422489271557777
-3.6217028814564425,-1.8139599305421787,3.3674123134754876
3.1423764735479502,4.2333313072015475,0.03891478484056828
0.7616976645728317,3.302213576243152,4.366827581752469
3.5081800995533867,-1.9463741896348863,3.612208702001319
4.972613618132884,0.535024871656679,-1.962464950905292
0.8085153493789872,-5.331686809294964,-0.3613736570335593
-3.417291830767799,-1.6611200898115004,-3.867279830700174
1.548626786465276,1.7686987606523772,-4.768544864711061
3.735479059645662,-0.1808504405078434,3.648932924914641
-0.7143388254555818,5.201861212063599,1.6109332480982663
1.6115094260418459,4.257329944804532,-2.8901120801095836
0.052547196506483124,3.3236164472208887,4.319022815842995
-5.179779283540859,0.8300359546585893,0.5512495371253843
-1.904618843645023,-3.47493555541282,3.6696929897877455
-3.8207539053917694,3.4408740040014436,-0.5665322956188237
-4.243591280371177,-2.56672176915235,-1.8293036056620093
0.03902812911099906,-0.98938063371469,-5.257520060328711
-2.5145417723022683,4.0064001043434985,-2.5149275988695874
4.447686787602587,-3.168977664080422,-0.631960951771877
3.1514522211293596,-1.0105321725641976,4.0399671844246825
1.3468751577160716,-3.0793554303318564,4.168799973149667
0.837436308089714,4.783215020036751,2.345393481827326
-0.5151141962430633,0.0388685269873184,5.44445588538011
-0.36633685735645666,5.128300138172668,-0.6997991607967413
1.5347110241425848,-4.937603043834727,-1.6232347871620374
2.39252786621146,4.79112908514159,0.8197963117718557
-1.2401367766926632,4.980547349166307,-0.3387240482303939
-0.8491933047919579,5.316101125871307,0.9796160870819104
2.705255697899117,-1.1403806642650676,4.689680458478484
2.1847743632147045,-2.8204980160709936,-3.93755544955441
-4.5321780552724515,1.2022996509284924,-2.944186844846907
5.171883357135089,-1.0703005686212645,1.0564261484406314
-1.9295783618044007,4.622019026661422,-1.2333121365790713
-2.116538549047024,-3.834720983651938,3.047560206473717
3.969509811339203,3.689419865696781,-0.373033882417169
2.648012800126077,2.374434065569657,-4.061789717778092
-0.13666361092202145,1.0150881104411562,5.3874531706768645
4.158257987610817,-2.9769662547398528,1.5884533109590442
-2.473363803857637,-0.01243944523532602,4.561979535246026
0.2216951420652672,4.070662848408054,3.6779904621890633
-2.0582932780652015,2.674806489816049,4.129717205876848
3.7829859678525413,3.8371460201177294,-1.4659582327430072
-4.288890343401625,2.187856622382009,2.3926986815319897
-2.8601392120060236,2.2027935394171023,4.05246158280758
-1.5881846413058696,-3.908057851975921,3.1280198589191652
1.8697545293542452,-4.735658358212934,-0.5719012538207291
-1.8594084896349863,-4.999469670159632,0.7255304860095027
3.2061309663427124,4.019350860175995,1.5870056014353286
-1.91899770874645,3.5920103310029683,-3.4657410526396255
-1.4640817151719183,2.7470796281572567,4.376696838668067
4.011869986291369,-0.12490049986181359,3.6391632741281303
1.2653524750089422,-4.533064434502664,-2.592092939277575
-0.15339292728077508,2.4415715866588554,-4.934134794595041
2.8795390194592865,2.436751652769247,-3.853543667297236
-4.3479089518000436,2.3400721308082986,-2.410832351204714
1.0983422882445797,3.3239056099956885,4.206843118666544
-0.2708933087419525,-0.7818353309509088,-5.462801744536979
5.380945116736597,-0.32007095919877065,-0.11949759494789156
7.529144511230757,2.8195952919527105,0.01738834192806794
6.235550863183154,-0.9414238799625161,-4.827351630664115
3.1853608117883323,6.586052085745986,3.3374532813385605
2.7252622005636167,-1.9299646509076842,7.430543827850454
-2.0429877722178507,5.410630057356745,5.5618847554758934
4.998640325498219,5.853109365825249,1.9393079672956204
-4.349449707401122,-2.843703633766031,-6.140506296423016
2.697797787172803,-4.644747568567211,-6.223575033208577
1.4978382268499586,7.4244272786819,2.4461315718845626
4.5480658614829155,-6.514524005112619,1.2104320726342508
-2.563715764752851,-7.639575266541079,-0.7896882410945254
5.25578803223476,-5.55142166847873,-2.6762203178483475
-6.488857696559051,-4.706537309192626,0.9841434290885162
1.6229010984448065,7.1465521572011195,-3.301663072694919
-2.224968782786292,-7.829930207524185,-0.3560559194034719
-0.936201406849835,6.025880172154576,5.359748643070272
4.8386837892823955,3.176333251481981,-5.456723327301857
-7.897003348882635,0.17565466044809389,1.5269629377431868
2.3616171925757636,4.222196822784186,6.415669664088335
-2.947084450462778,-6.020893650903496,4.294314382913888
0.41991623808824263,7.771221985947005,0.5441580609314904
-7.435859261880182,-3.100416542856056,-0.7215747623751296
1.2697119537249575,4.556822964813512,-6.391740414736642
6.53508937412707,-3.6958602069637387,2.672402480121387
4.358334717798038,-2.9497478704162066,-6.0686603504043495
-0.6772800837792442,-5.386771501991726,5.752191916546846
-1.2442121822110055,6.2581505827108215,4.900755866655501
-1.3397487127010979,6.159919881159908,5.148168579498129
-0.9715107992547577,7.834814063465128,-1.4241011163449777
-3.6002776384360433,7.227176783128778,-0.8620357962256006
7.090663226179175,1.9332398256315637,2.9882172802755242
-5.732197789364645,-3.1858871442418444,-4.6751460167581795
-7.012287400882619,-3.6263587789213676,-1.2571949746380837
5.8982398420847195,4.2212679719705815,-2.84912299545908
-6.784157299044747,-2.5143760353201157,3.6749329705072893
2.3924041247448686,7.5158540713242665,-1.3124286939416596
-5.39051232910945,-2.7848781647137915,-5.281865480835879
-7.510983632431463,-2.0144179423108515,1.789126427590342
-0.28936427959560845,5.088299376204594,-6.133627972315003
-0.4676143010060399,6.908255608739813,3.9507878845529274
-2.4222460224182503,-2.3556399975843605,-7.202666098677434
-6.17975107611993,4.385354195738919,-2.470559797401827
4.134980335196071,-3.3176466254081456,-5.912500571080373
7.62604081119829,-1.4967439158143043,1.6046463430795648
7.714795512477528,-0.9091192824463323,1.340679151677911
5.03502943357373,6.374156652742647,-1.5651635586440464
1.7704643228723642,-2.3304615627074323,7.3749691211731125
2.2702420805329098,2.3264612678692185,-7.3390451546034585
4.555572115719796,1.278281435701478,-6.296246443211269
7.5078889513519655,1.302933837858236,2.4053199716995812
5.315845341677969,-5.380302955255647,2.3023824250830005
6.1563950389385,3.062474308538525,-3.950728920552115
-6.8418765905543015,-3.483021702021195,1.9862240608765944
-7.003237720249835,-3.913631558476645,-0.14957622829542025
-2.3344187225548816,-7.114725928948732,-2.6134659135957086
-7.269892776146331,3.650242595693505,0.6172540864391738
-1.2118485638972074,7.2949777199354795,3.0852188062216492
-7.664265083124328,1.5062146768143585,0.012235543155907662
-7.485346642593106,-2.8466623911719253,0.6836200941630656
-1.4495736051812713,4.585102118697333,-6.626196118842856
1.5137830842549425,6.6759232566403695,-4.1963353571582
5.533581256059777,-0.4672677807311322,-5.82781997998489
-2.493607922308685,-2.4237387455440276,-7.1721565740933535
-1.0539697669743588,4.129577766851791,-6.843179543315487
-3.3479389247152582,-4.4095890667773645,-5.908894209835297
-1.825612028177748,-1.0504092908194393,7.742526820502929
2.6755971976514976,3.993608208979684,6.560375759981109
-3.639846619360378,7.035311629354193,-1.8336226065982555
8.036054962361169,0.301697076892553,-0.22635620435363263
0.8073022839022118,-6.7324665990224375,4.086185610817259
-6.587033660181079,2.520579270249876,3.667701688779462
6.127464558349204,3.1665873901187287,-4.107548510419727
-5.612452762280171,4.532663261324864,-3.428663151206698
5.207626193228217,2.3559581949662243,5.476969761571951
-6.990708937366683,2.749809003669457,2.9923463809048148
0.8928779406923293,-1.1752378374530248,-7.816166707254818
-7.79243046229479,-0.7736910573021849,-1.0175345615895264
6.751925172017115,4.235966135896532,-1.130033711652473
-4.117032822215838,0.20736061238233142,-6.783269445680307
3.391617735899715,4.802155669957067,-5.28373828875857
-4.933853060182204,5.654442025292697,-2.799545619689359
0.19895313599140776,-6.6947471058064085,4.870404770219339
2.0954031778018387,-3.2094726781116862,-6.964582602272261
6.976534445284077,2.713287704797725,-2.815910966397514
-2.591470234216583,1.5729309232670514,7.362126686493667
6.506092092466058,4.478099222354922,1.2924940287692361
-7.338719656298778,0.11466449251415649,2.8087330644674258
-3.725591964394177,-6.07053378507364,-3.582400786859049
-4.752735085432851,-5.301137272785955,-3.8693740279238757
1.5401715579629773,7.6846435259803325,-0.6914291074466442
-0.0503440236598593,-3.3246500775469143,-7.440253536805472
-6.262741823606847,-4.697687460858458,0.06675604839939005
3.5514061043881693,6.789705180745546,2.5944435497294527
-6.2276064208452135,-3.506895118748458,-3.8063943397891022
7.419409603866347,-0.0373330040081635,3.271662130165088
-5.2753278018205005,-4.682225919031023,3.7996592025550475
-7.031494159756311,3.850950957072042,0.49472144471471147
2.3734072536197233,7.237187591387895,-2.6785669953109035
-1.8662270164368342,2.7850378701714282,7.112928240200055
-0.9338468116255318,-7.939232691367617,-1.0033542787447298
